today,word,english,A
seems,word,english,A
means,word,english,A
lower,word,english,A
store,word,english,A
excellent,word,english,A
likely,word,english,A
together,word,english,A
order,word,english,A
while,word,english,A
study,word,english,A
happen,word,english,A
difficult,word,english,A
required,word,english,A
should,word,english,A
allowed,word,english,A
having,word,english,A
various,word,english,A
agree,word,english,A
service,word,english,A
table,word,english,A
cannot,word,english,A
better,word,english,A
appears,word,english,A
members,word,english,A
respond,word,english,A
client,word,english,A
sometimes,word,english,A
quite,word,english,A
artifact,word,english,A
analysis,word,english,A
working,word,english,A
makes,word,english,A
trouble,word,english,A
doubt,word,english,A
leave,word,english,A
shows,word,english,A
political,word,english,A
support,word,english,A
early,word,english,A
frint,non_word,english,A
cantract,non_word,english,A
maneger,non_word,english,A
contrel,non_word,english,A
cowntry,non_word,english,A
presune,non_word,english,A
laern,non_word,english,A
wice,non_word,english,A
plaing,non_word,english,A
istelf,non_word,english,A
tuday,non_word,english,A
creat,non_word,english,A
chlone,non_word,english,A
thiking,non_word,english,A
studnet,non_word,english,A
cald,non_word,english,A
articels,non_word,english,A
slory,non_word,english,A
argee,non_word,english,A
reweise,non_word,english,A
parrut,non_word,english,A
sland,non_word,english,A
prorame,non_word,english,A
allawed,non_word,english,A
nohice,non_word,english,A
minusts,non_word,english,A
pover,non_word,english,A
feredal,non_word,english,A
anydoby,non_word,english,A
writen,non_word,english,A
weater,non_word,english,A
atempt,non_word,english,A
quikly,non_word,english,A
teath,non_word,english,A
annyway,non_word,english,A
fount,non_word,english,A
resources,non_word,english,A
chlidren,non_word,english,A
ordar,non_word,english,A
requierd,non_word,english,A
today,word,english,A
seems,word,english,A
means,word,english,A
lower,word,english,A
store,word,english,A
excellent,word,english,A
likely,word,english,A
together,word,english,A
order,word,english,A
while,word,english,A
study,word,english,A
happen,word,english,A
difficult,word,english,A
required,word,english,A
should,word,english,A
allowed,word,english,A
having,word,english,A
various,word,english,A
agree,word,english,A
service,word,english,A
table,word,english,A
cannot,word,english,A
better,word,english,A
appears,word,english,A
members,word,english,A
respond,word,english,A
client,word,english,A
sometimes,word,english,A
quite,word,english,A
artifact,word,english,A
analysis,word,english,A
working,word,english,A
makes,word,english,A
trouble,word,english,A
doubt,word,english,A
leave,word,english,A
shows,word,english,A
political,word,english,A
support,word,english,A
early,word,english,A
frint,non_word,english,A
cantract,non_word,english,A
maneger,non_word,english,A
contrel,non_word,english,A
cowntry,non_word,english,A
presune,non_word,english,A
laern,non_word,english,A
wice,non_word,english,A
plaing,non_word,english,A
istelf,non_word,english,A
tuday,non_word,english,A
creat,non_word,english,A
chlone,non_word,english,A
thiking,non_word,english,A
studnet,non_word,english,A
cald,non_word,english,A
articels,non_word,english,A
slory,non_word,english,A
argee,non_word,english,A
reweise,non_word,english,A
parrut,non_word,english,A
sland,non_word,english,A
prorame,non_word,english,A
allawed,non_word,english,A
nohice,non_word,english,A
minusts,non_word,english,A
pover,non_word,english,A
feredal,non_word,english,A
anydoby,non_word,english,A
writen,non_word,english,A
weater,non_word,english,A
atempt,non_word,english,A
quikly,non_word,english,A
teath,non_word,english,A
annyway,non_word,english,A
fount,non_word,english,A
resources,non_word,english,A
chlidren,non_word,english,A
ordar,non_word,english,A
requierd,non_word,english,A
month,word,english,F
questions,word,english,F
myself,word,english,F
written,word,english,F
water,word,english,F
playing,word,english,F
power,word,english,F
earth,word,english,F
front,word,english,F
clone,word,english,F
bring,word,english,F
black,word,english,F
response,word,english,F
death,word,english,F
press,word,english,F
young,word,english,F
account,word,english,F
locus,word,english,F
rather,word,english,F
heard,word,english,F
started,word,english,F
posts,word,english,F
solution,word,english,F
speak,word,english,F
sequence,word,english,F
write,word,english,F
example,word,english,F
house,word,english,F
below,word,english,F
street,word,english,F
above,word,english,F
physical,word,english,F
thinking,word,english,F
evidence,word,english,F
cases,word,english,F
company,word,english,F
perfect,word,english,F
building,word,english,F
material,word,english,F
lists,word,english,F
othervise,non_word,english,F
reatily,non_word,english,F
exatly,non_word,english,F
histury,non_word,english,F
cecond,non_word,english,F
idaes,non_word,english,F
monthh,non_word,english,F
sereval,non_word,english,F
writen,non_word,english,F
vords,non_word,english,F
litsts,non_word,english,F
solulion,non_word,english,F
forse,non_word,english,F
takingg,non_word,english,F
colal,non_word,english,F
chrair,non_word,english,F
amage,non_word,english,F
ecudation,non_word,english,F
stret,non_word,english,F
setwene,non_word,english,F
hapen,non_word,english,F
includse,non_word,english,F
brak,non_word,english,F
nunbers,non_word,english,F
blain,non_word,english,F
sequance,non_word,english,F
exellant,non_word,english,F
cuorse,non_word,english,F
sauth,non_word,english,F
pecords,non_word,english,F
musik,non_word,english,F
whrong,non_word,english,F
fethers,non_word,english,F
rater,non_word,english,F
takling,non_word,english,F
trems,non_word,english,F
cemtral,non_word,english,F
leve,non_word,english,F
starteng,non_word,english,F
driwer,non_word,english,F
community,word,english,G
provide,word,english,G
voice,word,english,G
issue,word,english,G
stand,word,english,G
become,word,english,G
driver,word,english,G
skills,word,english,G
country,word,english,G
average,word,english,G
reason,word,english,G
popular,word,english,G
security,word,english,G
weeks,word,english,G
whether,word,english,G
saying,word,english,G
names,word,english,G
freedom,word,english,G
decided,word,english,G
though,word,english,G
force,word,english,G
perhaps,word,english,G
outside,word,english,G
mention,word,english,G
trying,word,english,G
receive,word,english,G
federal,word,english,G
taken,word,english,G
anybody,word,english,G
truth,word,english,G
generally,word,english,G
control,word,english,G
offer,word,english,G
received,word,english,G
server,word,english,G
local,word,english,G
apartment,word,english,G
address,word,english,G
therefore,word,english,G
image,word,english,G
liwing,non_word,english,G
nuite,non_word,english,G
estory,non_word,english,G
titems,non_word,english,G
prepident,non_word,english,G
nanes,non_word,english,G
commuty,non_word,english,G
monitar,non_word,english,G
aparment,non_word,english,G
presedent,non_word,english,G
aucton,non_word,english,G
rulus,non_word,english,G
anasylis,non_word,english,G
wotch,non_word,english,G
tabel,non_word,english,G
kight,non_word,english,G
cumpany,non_word,english,G
waks,non_word,english,G
vestern,non_word,english,G
comand,non_word,english,G
efect,non_word,english,G
caces,non_word,english,G
saing,non_word,english,G
lowar,non_word,english,G
miself,non_word,english,G
rhows,non_word,english,G
feild,non_word,english,G
screan,non_word,english,G
addid,non_word,english,G
togehter,non_word,english,G
poast,non_word,english,G
learly,non_word,english,G
sund,non_word,english,G
respend,non_word,english,G
sometines,non_word,english,G
parrts,non_word,english,G
warld,non_word,english,G
statemant,non_word,english,G
takis,non_word,english,G
allways,non_word,english,G
minutes,word,english,H
itself,word,english,H
wrong,word,english,H
statement,word,english,H
following,word,english,H
attention,word,english,H
story,word,english,H
light,word,english,H
phone,word,english,H
later,word,english,H
consider,word,english,H
countries,word,english,H
machine,word,english,H
living,word,english,H
resume,word,english,H
needed,word,english,H
private,word,english,H
pages,word,english,H
needs,word,english,H
sense,word,english,H
talking,word,english,H
screen,word,english,H
rules,word,english,H
women,word,english,H
medical,word,english,H
quickly,word,english,H
error,word,english,H
articles,word,english,H
interface,word,english,H
music,word,english,H
field,word,english,H
blood,word,english,H
children,word,english,H
effect,word,english,H
legal,word,english,H
drive,word,english,H
increase,word,english,H
along,word,english,H
systems,word,english,H
several,word,english,H
indsted,non_word,english,H
subjekt,non_word,english,H
serwer,non_word,english,H
potilical,non_word,english,H
coutries,non_word,english,H
huose,non_word,english,H
repronse,non_word,english,H
driwe,non_word,english,H
fimal,non_word,english,H
anonimus,non_word,english,H
secutiry,non_word,english,H
sisuation,non_word,english,H
referance,non_word,english,H
notse,non_word,english,H
varieus,non_word,english,H
apeears,non_word,english,H
trate,non_word,english,H
thouh,non_word,english,H
macine,non_word,english,H
maliing,non_word,english,H
komment,non_word,english,H
hystums,non_word,english,H
exsept,non_word,english,H
hawing,non_word,english,H
messase,non_word,english,H
acount,non_word,english,H
bluud,non_word,english,H
atention,non_word,english,H
milone,non_word,english,H
opinyons,non_word,english,H
folwing,non_word,english,H
perfet,non_word,english,H
kelling,non_word,english,H
evedence,non_word,english,H
makis,non_word,english,H
cemidal,non_word,english,H
vhite,non_word,english,H
macine,non_word,english,H
becuase,non_word,english,H
knoledge,non_word,english,H
woman,word,english,L
necessary,word,english,L
monitor,word,english,L
learn,word,english,L
takes,word,english,L
green,word,english,L
records,word,english,L
small,word,english,L
mailing,word,english,L
world,word,english,L
natural,word,english,L
history,word,english,L
resources,word,english,L
party,word,english,L
whatever,word,english,L
straight,word,english,L
south,word,english,L
issues,word,english,L
comment,word,english,L
function,word,english,L
between,word,english,L
president,word,english,L
location,word,english,L
digital,word,english,L
million,word,english,L
sound,word,english,L
terms,word,english,L
message,word,english,L
request,word,english,L
numbers,word,english,L
maybe,word,english,L
different,word,english,L
anyone,word,english,L
military,word,english,L
exactly,word,english,L
making,word,english,L
watch,word,english,L
anyway,word,english,L
present,word,english,L
friend,word,english,L
concider,non_word,english,L
increace,non_word,english,L
tryine,non_word,english,L
erth,non_word,english,L
woking,non_word,english,L
detales,non_word,english,L
prodact,non_word,english,L
bildinge,non_word,english,L
frond,non_word,english,L
prodive,non_word,english,L
isue,non_word,english,L
aalone,non_word,english,L
resune,non_word,english,L
mebers,non_word,english,L
quesians,non_word,english,L
physicel,non_word,english,L
umbrela,non_word,english,L
chane,non_word,english,L
alung,non_word,english,L
procces,non_word,english,L
errur,non_word,english,L
ponit,non_word,english,L
lighht,non_word,english,L
nobetook,non_word,english,L
needded,non_word,english,L
suport,non_word,english,L
theferore,non_word,english,L
quiete,non_word,english,L
sience,non_word,english,L
neels,non_word,english,L
fone,non_word,english,L
clieient,non_word,english,L
privet,non_word,english,L
sduty,non_word,english,L
popolar,non_word,english,L
amyone,non_word,english,L
mentune,non_word,english,L
seemes,non_word,english,L
avobe,non_word,english,L
straigt,non_word,english,L
except,word,english,M
student,word,english,M
knowledge,word,english,M
contains,word,english,M
point,word,english,M
auction,word,english,M
strong,word,english,M
course,word,english,M
state,word,english,M
create,word,english,M
command,word,english,M
instead,word,english,M
opinions,word,english,M
always,word,english,M
guess,word,english,M
obviously,word,english,M
items,word,english,M
available,word,english,M
shipping,word,english,M
called,word,english,M
certain,word,english,M
contract,word,english,M
trade,word,english,M
second,word,english,M
report,word,english,M
white,word,english,M
under,word,english,M
parts,word,english,M
using,word,english,M
includes,word,english,M
central,word,english,M
sources,word,english,M
features,word,english,M
reality,word,english,M
added,word,english,M
details,word,english,M
whole,word,english,M
reference,word,english,M
change,word,english,M
education,word,english,M
skillis,non_word,english,M
digetal,non_word,english,M
wheter,non_word,english,M
brimg,non_word,english,M
reciese,non_word,english,M
litimed,non_word,english,M
interfase,non_word,english,M
celtainly,non_word,english,M
beccome,non_word,english,M
lelal,non_word,english,M
laterr,non_word,english,M
purhaps,non_word,english,M
obsiouly,non_word,english,M
genurally,non_word,english,M
shigging,non_word,english,M
troubal,non_word,english,M
availble,non_word,english,M
blakc,non_word,english,M
slong,non_word,english,M
geves,non_word,english,M
adress,non_word,english,M
pagis,non_word,english,M
starded,non_word,english,M
coming,non_word,english,M
tebbar,non_word,english,M
recieved,non_word,english,M
undersand,non_word,english,M
smille,non_word,english,M
exampel,non_word,english,M
guass,non_word,english,M
luks,non_word,english,M
nown,non_word,english,M
sens,non_word,english,M
sorces,non_word,english,M
diferent,non_word,english,M
wile,non_word,english,M
outcide,non_word,english,M
parudy,non_word,english,M
naturul,non_word,english,M
vursion,non_word,english,M
manager,word,english,N
model,word,english,N
looks,word,english,N
process,word,english,N
known,word,english,N
starting,word,english,N
break,word,english,N
family,word,english,N
drivers,word,english,N
program,word,english,N
great,word,english,N
anonymous,word,english,N
night,word,english,N
subject,word,english,N
helps,word,english,N
otherwise,word,english,N
start,word,english,N
coming,word,english,N
words,word,english,N
brain,word,english,N
alone,word,english,N
lines,word,english,N
final,word,english,N
version,word,english,N
attempt,word,english,N
situation,word,english,N
movie,word,english,N
advance,word,english,N
certainly,word,english,N
gives,word,english,N
product,word,english,N
willing,word,english,N
science,word,english,N
technical,word,english,N
found,word,english,N
because,word,english,N
selling,word,english,N
center,word,english,N
ideas,word,english,N
limited,word,english,N
atricraft,non_word,english,N
beelow,non_word,english,N
ceenter,non_word,english,N
drivors,non_word,english,N
colus,non_word,english,N
functune,non_word,english,N
trutth,non_word,english,N
contanes,non_word,english,N
shuld,non_word,english,N
neans,non_word,english,N
femily,non_word,english,N
deficult,non_word,english,N
naybe,non_word,english,N
wonan,non_word,english,N
vhatevar,non_word,english,N
grait,non_word,english,N
spik,non_word,english,N
hellps,non_word,english,N
ucing,non_word,english,N
likelie,non_word,english,N
canot,non_word,english,N
stert,non_word,english,N
tecnical,non_word,english,N
dowbt,non_word,english,N
prezent,non_word,english,N
wiling,non_word,english,N
advanze,non_word,english,N
diferent,non_word,english,N
issures,non_word,english,N
moddel,non_word,english,N
mitilar,non_word,english,N
avrage,non_word,english,N
decieded,non_word,english,N
neseccary,non_word,english,N
vvhite,non_word,english,N
matterial,non_word,english,N
localion,non_word,english,N
wemen,non_word,english,N
sertain,non_word,english,N
yong,non_word,english,N
